BEGIN TRANSACTION;
CREATE TABLE IF NOT EXISTS "ALUMNO" (
	"cod_alumno"	CHAR(9),
	"nombre"	VARCHAR(40),
	"edad"	INTEGER,
	"ciclo"	INTEGER,
	"especialidad"	CHAR(2),
	PRIMARY KEY("cod_alumno")
);
CREATE TABLE IF NOT EXISTS "AULA" (
	"cod_aula"	CHAR(6),
	"descripcion_a"	VARCHAR(20),
	PRIMARY KEY("cod_aula")
);
CREATE TABLE IF NOT EXISTS "CURSO" (
	"cod_curso"	CHAR(5),
	"nom_curso"	VARCHAR(200),
	"creditos"	INTEGER,
	"especialidades"	VARCHAR(4),
	"observacion"	CHAR(1),
	PRIMARY KEY("cod_curso")
);
CREATE TABLE IF NOT EXISTS "CURSO_SECCION" (
	"cod_clase"	CHAR(6),
	"cod_curso"	CHAR(5),
	FOREIGN KEY("cod_curso") REFERENCES "CURSO"("cod_curso"),
	PRIMARY KEY("cod_clase")
);
CREATE TABLE IF NOT EXISTS "DOCENTE" (
	"cod_docente"	CHAR(9),
	"nombre"	VARCHAR(40),
	"clave"	VARCHAR(40),
	PRIMARY KEY("cod_docente")
);
CREATE TABLE IF NOT EXISTS "HORARIO_CLASE" (
	"cod_horario_clase"	INTEGER IDENTITY(1, 1),
	"fecha"	VARCHAR(10),
	"hora_inicio"	INTEGER,
	"hora_final"	INTEGER,
	"tipo"	VARCHAR(40),
	"cod_docente"	CHAR(9),
	"cod_clase"	CHAR(6),
	"cod_aula"	CHAR(6),
	FOREIGN KEY("cod_docente") REFERENCES "DOCENTE"("cod_docente"),
	FOREIGN KEY("cod_aula") REFERENCES "AULA"("cod_aula"),
	FOREIGN KEY("cod_clase") REFERENCES "CURSO_SECCION"("cod_clase"),
	PRIMARY KEY("cod_horario_clase")
);
CREATE TABLE IF NOT EXISTS "ASISTENCIA" (
	"cod_asistencia"	INTEGER,
	"fecha_m"	DATE,
	"hora_m"	VARCHAR(8),
	"cod_horario_clase"	INTEGER,
	"cod_alumno"	CHAR(9),
	FOREIGN KEY("cod_alumno") REFERENCES "ALUMNO"("cod_alumno"),
	FOREIGN KEY("cod_horario_clase") REFERENCES "HORARIO_CLASE"("cod_horario_clase"),
	PRIMARY KEY("cod_asistencia" AUTOINCREMENT)
);
CREATE TABLE IF NOT EXISTS "MATRICULADO" (
	"cod_matriculado"	INTEGER IDENTITY(1, 1),
	"cod_curso_seccion"	CHAR(6),
	"cod_alumno"	CHAR(9),
	"cod_periodo"	CHAR(6),
	FOREIGN KEY("cod_curso_seccion") REFERENCES "CURSO_SECCION"("cod_clase"),
	FOREIGN KEY("cod_alumno") REFERENCES "ALUMNO"("cod_alumno"),
	FOREIGN KEY("cod_periodo") REFERENCES "PERIODO"("cod_periodo"),
	PRIMARY KEY("cod_matriculado")
);
CREATE TABLE IF NOT EXISTS "PERIODO" (
	"cod_periodo"	INTEGER NOT NULL,
	"descripcion"	TEXT NOT NULL,
	"fecha_inicio"	DATE NOT NULL,
	"fecha_fin"	DATE NOT NULL,
	PRIMARY KEY("cod_periodo" AUTOINCREMENT)
);
INSERT INTO "ALUMNO" ("cod_alumno","nombre","edad","ciclo","especialidad") VALUES ('20171099F','Maguiño Yaranga, Michael Alonso',19,4,'i2'),
 ('20171070H','Vizarreta Silva, Jesus Andres',19,4,'i2'),
 ('20161132K','Perez Sotomayor, Juan',22,5,'i2'),
 ('20171216H','Lopez Paredes, Wilfredo',20,5,'i2'),
 ('20170983J','Mendoza Quispe, Jean',19,4,'i2'),
 ('20172053K','Paz Chipana, Leonardo',18,3,'i2'),
 ('20171089D','Villalobos Ayala, Angel',21,4,'i1'),
 ('20181093H','Santome Pilares, Alonso',19,4,'i2'),
 ('20152039F','Navarro Mamani, Sebastian Moises',19,2,'i2'),
 ('20171053K','Sanchez Correa, David',20,3,'i2'),
 ('20171042J','Solano Liñan, Miguel',18,4,'i2'),
 ('20172019J','Salazar Rodriguez, Eduardo',18,4,'i2'),
 ('20160124E','Velazques Timoteo, Ghyna',19,3,'i2'),
 ('20161635G','Vazques Rondan, Renzo',21,5,'i2'),
 ('20171234K','Ruiz Collazos, Ian',20,4,'i2'),
 ('20171235K','Gomez Bolaños, Roberto',20,4,'i2'),
 ('20172657B','Bryan Daniell, Arrivasplata Rojas',21,6,'i2');
INSERT INTO "AULA" ("cod_aula","descripcion_a") VALUES ('LAB- A','Lab A - Sistemas UNI'),
 ('LAB- B','Lab B - Sistemas UNI'),
 ('LAB- C','Lab C - Sistemas UNI'),
 ('LAB- D','Lab D - Sistemas UNI'),
 ('LAB- E','Lab E - Sistemas UNI'),
 ('LAB- F','Lab F - Sistemas UNI'),
 ('LAB- H','Lab H - Sistemas UNI'),
 ('S4-105','Aula S4-105'),
 ('S4-109','Aula S4-109'),
 ('S4-110','Aula S4-110'),
 ('S4-111','Aula S4-111'),
 ('S4-112','Aula S4-112'),
 ('S4-201','Aula S4-201'),
 ('S4-202','Aula S4-202'),
 ('S4-203','Aula S4-203'),
 ('S4-204','Aula S4-204'),
 ('S4-205','Aula S4-205'),
 ('S4-206','Aula S4-206'),
 ('S4-207','Aula S4-207'),
 ('S4-208','Aula S4-208'),
 ('S4-209','Aula S4-209'),
 ('S4-210','Aula S4-210'),
 ('S4-211','Aula S4-211'),
 ('S4-212','Aula S4-212'),
 ('S4-213','Aula S4-213'),
 ('S4-214','Aula S4-214'),
 ('S4-215','Aula S4-215'),
 ('S4-216','Aula S4-216'),
 ('S1-224','Aula S1-224');
INSERT INTO "CURSO" ("cod_curso","nom_curso","creditos","especialidades","observacion") VALUES ('FB101','Geometria Analitica',3,'i1i2','o'),
 ('BMA03','Algebra Lineal',3,'i1i2','o'),
 ('FB301','Matematica Discreta',3,'i1i2','o'),
 ('BMA01','Calculo Diferencial',5,'i1i2','o'),
 ('CB122','Calculo Numerico',3,'i2','o'),
 ('ST232','Lenguaje de Programacion Orientada a Objetos',3,'i2','o'),
 ('ST202','Lenguaje de Programacion Estructurado',3,'i2','o'),
 ('HU301','Metodologia de Investigacion Cientifica',3,'i1i2','o');
INSERT INTO "CURSO_SECCION" ("cod_clase","cod_curso") VALUES ('FB101U','FB101'),
 ('FB101V','FB101'),
 ('FB101W','FB101'),
 ('FB101X','FB101'),
 ('BMA03U','BMA03'),
 ('BMA03V','BMA03'),
 ('BMA03W','BMA03'),
 ('FB301U','FB301'),
 ('FB301V','FB301'),
 ('FB301W','FB301'),
 ('BMA01U','BMA01'),
 ('BMA01V','BMA01'),
 ('BMA01W','BMA01'),
 ('BMA01X','BMA01'),
 ('CB122U','CB122'),
 ('CB122V','CB122'),
 ('ST232U','ST232'),
 ('ST232V','ST232'),
 ('ST202U','ST202'),
 ('HU301U','HU301');
INSERT INTO "DOCENTE" ("cod_docente","nombre","clave") VALUES ('19908019J','ACOSTA DE LA CRUZ, PEDRO RAUL','19908019'),
 ('19888841A','VASQUEZ DOMINGUEZ, RIQUELMER','19888841'),
 ('19878004J','ANGULO PEREZ, JOSUE','19878004'),
 ('19728422K','KALA BEJAR, LOURDES','19728422'),
 ('19838354J','HUAMAN SANCHEZ, ALEJANDRO','19838354'),
 ('123456789','CERNADES GOMEZ, JESUS','12345678'),
 ('10312636X','BERMEO CARRASCO, OSMAR','10312636'),
 ('19938063G','BENITES YARLEQUI, JOSE VALERIO','19938063'),
 ('19908764G','TOCTO INGA, PAUL MILLER','19908764'),
 ('19878010J','ALVARADO RODRIGUEZ, LUIS','19878010'),
 ('19738716G','SOTOMAYOR ARAMBURU,FERNANDO','19738716'),
 ('08497193X','HUALLPA GUTIERREZ, WALTER','08497193'),
 ('19200606O','RODRIGUEZ RAFAEL, GLEN DARIO','19200606'),
 ('20168607D','PERFECTO MANRIQUE, WILMER','20168607'),
 ('19848139D','CORDOVA NERI, TEODORO LUCIANO','19848139'),
 ('19768422A','KRAJNIK STULIN, FRANCO','19768422');
INSERT INTO "HORARIO_CLASE" ("cod_horario_clase","fecha","hora_inicio","hora_final","tipo","cod_docente","cod_clase","cod_aula") VALUES (1,'Wednesday',8,10,'Teoria','19908019J','FB101U','S4-212'),
 (2,'Friday',10,12,'Practica','19908019J','FB101U','S4-212'),
 (3,'Wednesday',10,12,'Teoria','19888841A','FB101V','S4-216'),
 (4,'Friday',10,12,'Practica','19888841A','FB101V','S4-216'),
 (5,'Wednesday',10,12,'Teoria','19908019J','FB101W','S4-212'),
 (6,'Friday',10,12,'Practica','19878004J','FB101W','S4-206'),
 (7,'Monday',8,10,'PracticaD','19908019J','FB101W','S4-210'),
 (8,'Monday',16,18,'Teoria','19888841A','FB101X','S4-210'),
 (9,'Wednesday',16,18,'PracticaD','19888841A','FB101X','S4-212'),
 (10,'Friday',10,12,'Practica','19728422K','FB101X','S4-206'),
 (11,'Tuesday',10,13,'Teoria','19728422K','BMA03U','S4-110'),
 (12,'Thursday',10,12,'Practica','19728422K','BMA03U','S4-110'),
 (13,'Tuesday',14,17,'Teoria','19838354J','BMA03V','S4-205'),
 (14,'Thursday',10,12,'Practica','19838354J','BMA03V','S4-205'),
 (15,'Wednesday',10,13,'Teoria','19728422K','BMA03W','S4-212'),
 (16,'Friday',12,14,'PracticaD','19728422K','BMA03W','S4-212'),
 (17,'Thursday',10,12,'Practica','123456789','BMA03W','S4-212'),
 (18,'Tuesday',18,20,'Practica','10312636X','FB301U','S4-202'),
 (19,'Wednesday',20,22,'Teoria','10312636X','FB301U','S4-202'),
 (20,'Monday',8,10,'Practica','19938063G','FB301V','S4-206'),
 (21,'Tuesday',18,20,'Teoria','19938063G','FB301V','S4-203'),
 (22,'Tuesday',18,20,'Teoria','19728422K','FB301W','S4-208'),
 (23,'Wednesday',20,22,'PracticaD','19908764G','FB301W','S4-208'),
 (24,'Thursday',10,12,'Teoria','19878010J','BMA01U','S4-204'),
 (25,'Tuesday',8,10,'Teoria','19878010J','BMA01U','S4-210'),
 (26,'Friday',8,10,'PracticaD','19878010J','BMA01U','S4-204'),
 (27,'Wednesday',12,14,'Practica','19878010J','BMA01U','S4-112'),
 (28,'Monday',10,12,'Teoria','123456789','BMA01V','S4-210'),
 (29,'Wednesday',12,14,'Practica','123456789','BMA01V','S4-202'),
 (30,'Thursday',14,16,'Teoria','123456789','BMA01V','S4-202'),
 (31,'Tuesday',8,10,'Teoria','123456789','BMA01W','S4-216'),
 (32,'Wednesday',8,10,'Teoria','123456789','BMA01W','S4-216'),
 (33,'Wednesday',12,14,'Practica','123456789','BMA01W','S4-216'),
 (34,'Friday',8,10,'Teoria','10312636X','BMA01X','S4-205'),
 (35,'Monday',8,10,'Teoria','10312636X','BMA01X','S4-205'),
 (36,'Wednesday',12,14,'Practica','10312636X','BMA01X','S4-205'),
 (37,'Monday',8,10,'Teoria','08497193X','CB122U','S4-201'),
 (38,'Thursday',8,10,'Practica','08497193X','CB122U','S4-201'),
 (39,'Thursday',8,10,'Practica','19738716G','CB122V','S4-212'),
 (40,'Saturday',8,10,'Teoria','19738716G','CB122V','S4-212'),
 (41,'Thursday',8,10,'Practica','19738716G','CB122V','LAB- B'),
 (42,'Saturday',8,10,'Teoria','19738716G','CB122V','LAB- B'),
 (43,'Monday',17,18,'Teoria','19200606O','ST232U','LAB- A'),
 (44,'Monday',18,22,'Practica','19200606O','ST232U','LAB- A'),
 (45,'Thursday',17,18,'Teoria','20168607D','ST232V','LAB- B'),
 (46,'Friday',8,12,'Practica','20168607D','ST232V','LAB- B'),
 (47,'Monday',11,12,'Teoria','19848139D','ST202U','LAB- D'),
 (48,'Friday',14,18,'Practica','19848139D','ST202U','LAB- D'),
 (49,'Monday',10,12,'Teoria','19768422A','HU301U','S4-216'),
 (50,'Thursday',12,14,'Practica','19768422A','HU301U','S4-216'),
 (51,'Thursday',12,14,'Teoria','19848139D','ST202U','S4-216');
INSERT INTO "ASISTENCIA" ("cod_asistencia","fecha_m","hora_m","cod_horario_clase","cod_alumno") VALUES (1,'2019-06-07','10:01:00',28,'20171099F'),
 (2,'2019-06-14','10:02:00',28,'20171099F'),
 (3,'2019-06-21','10:02:00',28,'20171099F'),
 (4,'2019-06-28','10:02:00',28,'20171099F'),
 (5,'2019-07-05','10:02:00',28,'20171099F'),
 (6,'2019-07-12','10:02:00',28,'20171099F'),
 (7,'2019-07-19','10:02:00',28,'20171099F'),
 (8,'2019-07-26','10:02:00',28,'20171099F'),
 (9,'2019-08-02','10:02:00',28,'20171099F'),
 (10,'2019-08-09','10:02:00',28,'20171099F'),
 (11,'2019-08-16','10:02:00',28,'20171099F'),
 (12,'2019-08-23','10:02:00',28,'20171099F'),
 (13,'2019-08-30','10:02:00',28,'20171099F'),
 (14,'2019-06-08','18:02:00',29,'20171099F'),
 (15,'2019-06-15','18:02:00',29,'20171099F'),
 (16,'2019-06-22','18:02:00',29,'20171099F'),
 (17,'2019-06-29','18:02:00',29,'20171099F'),
 (18,'2019-07-06','18:02:00',29,'20171099F'),
 (19,'2019-07-13','18:02:00',29,'20171099F'),
 (20,'2019-07-20','18:02:00',29,'20171099F'),
 (21,'2019-07-27','18:02:00',29,'20171099F'),
 (22,'2019-08-03','18:02:00',29,'20171099F'),
 (23,'2019-08-10','18:02:00',29,'20171099F'),
 (24,'2019-08-17','18:02:00',29,'20171099F'),
 (25,'2019-08-24','18:02:00',29,'20171099F'),
 (26,'2019-06-03','18:02:00',30,'20171099F'),
 (27,'2019-06-10','18:02:00',30,'20171099F'),
 (28,'2019-06-17','18:02:00',30,'20171099F'),
 (29,'2019-06-24','18:02:00',30,'20171099F'),
 (30,'2019-07-01','18:02:00',30,'20171099F'),
 (31,'2019-07-08','18:02:00',30,'20171099F'),
 (32,'2019-07-15','18:02:00',30,'20171099F'),
 (33,'2019-07-22','18:02:00',30,'20171099F'),
 (34,'2019-07-29','18:02:00',30,'20171099F'),
 (35,'2019-08-05','18:02:00',30,'20171099F'),
 (36,'2019-08-12','18:02:00',30,'20171099F'),
 (37,'2019-08-19','18:02:00',30,'20171099F'),
 (38,'2019-08-26','18:02:00',30,'20171099F'),
 (39,'2019-06-07','18:05:00',29,'20161132K'),
 (40,'2019-06-07','18:04:00',28,'20171216H'),
 (41,'2019-06-07','18:03:00',28,'20170983J'),
 (42,'2019-06-07','18:02:00',28,'20172053K'),
 (43,'2019-06-08','18:04:00',29,'20171216H'),
 (44,'2019-06-07','18:03:00',29,'20170983J'),
 (45,'2019-06-07','18:02:00',29,'20172053K'),
 (46,'2019-06-07','18:00:00',28,'20171089D'),
 (47,'2019-06-07','18:02:00',28,'20171235K'),
 (48,'2021-09-27','18:02:00',28,'20172657B');
INSERT INTO "MATRICULADO" ("cod_matriculado","cod_curso_seccion","cod_alumno","cod_periodo") VALUES (1,'BMA01V','20171099F','1'),
 (2,'BMA01V','20171070H','1'),
 (3,'BMA01V','20171089D','1'),
 (4,'BMA01V','20181093H','1'),
 (5,'BMA01V','20152039F','1'),
 (6,'BMA01V','20171053K','1'),
 (7,'BMA01V','20171042J','1'),
 (8,'BMA01V','20172019J','1'),
 (9,'BMA01V','20160124E','1'),
 (10,'BMA01V','20161635G','1'),
 (11,'BMA01V','20171234K','1'),
 (12,'BMA01V','20170983J','1'),
 (13,'BMA01V','20171216H','1'),
 (14,'BMA01V','20161132K','1'),
 (15,'BMA01V','20172053K','1'),
 (16,'BMA01U','20171235K','1'),
 (17,'BMA01U','20172657B','2');
INSERT INTO "PERIODO" ("cod_periodo","descripcion","fecha_inicio","fecha_fin") VALUES (1,'2019-2','2019-06-03','2019-09-23'),
 (2,'2021-2','2021-09-27','2022-01-17');
COMMIT;
